name,wikidata_id,label,score
aaron p. abramovitz,,,
ajay banga,Q4699676,Ajaypal Singh Banga,
ajay k. puri,,,
akhil johri,Q109579686,Akhil Johri,
alain monié,Q18161837,Alain Monié,
"alan j. levy , ph.d .",,,
alan r. mulally,Q348874,Alan Mulally,
alex gorsky,Q16193601,Alex Gorsky,
alexander c. karp,Q19560940,Alex Karp,
alexander moore,Q16066820,Alexander Moore,
alexandra schiff,Q95187889,Alexandra Schiffer,
alice p. gast,Q4725875,Alice Gast,
allan g. bense,,,
amal m. johnson,,,
amie thuener o'toole,,,
amy banse,Q4749092,Amy Banse,
amy e. hood,Q16499756,Amy Hood,
amy l. johnson,Q67212072,Amy L Johnson,
"amy l. ladd , ph.d .",,,
ana botín,Q299646,Ana Botín,
anat ashkenazi,Q126617537,Anat Ashkenazi,
andrea forster,Q139337116,Andrea Förster,
andrew cecere,Q58425865,Andrew J. Cecere,
andrew w. evans,Q51111099,Andrew W. Evans,
angela ahrendts,Q529233,Angela Ahrendts,
"angus r. cooper , iii",,,
anita allcorn-walker,,,
ann fritz hackett,,,
ann mather,Q3617636,Ann Mather,
ann-marie campbell,Q21005259,Ann-Marie Campbell,
anthony welter,Q123151233,Anthony Welters,
anurag maheshwari,Q84257055,Anurag Maheshwari,
aparna chennapragada,,,
art p. beattie,,,
arun sarin,Q716505,Arun Sarin,
ashley mcevoy,,,
ashton b. carter,Q4806029,Ash Carter,
b. c. terry,Q106406641,Clifford B. Terry,
barry diller,Q587455,Barry Diller,
bentina c. terry,,,
brad d. smith,Q4953873,Brad Smith,
bradley m. halverson,Q114592610,Brad Halverson,
brett a. pletcher,,,
brian d. savoy,,,
brian j. west,,,
brian l. robert,Q4964404,Brian L. Roberts,
brian t. olsavsky,Q134435731,Brian T. Olsavsky,
c. douglas mcmillon,,,
c. robert kidder,Q5006815,C. Robert Kidder,
c.p.a.j . ( eli ) leenaars,,,
carlos e. represas,Q115558190,Carlos E. Represas,
carol b. tomé,Q21551443,Carol Tomé,
carol j. hibbard,,,
carolina dybeck happe,Q96943114,Carolina Dybeck Happe,
carolyn everson,Q114893069,Carolyn Everson,
carolyn f. katz,,,
carrie schwab-pomerantz,,,
catherine a. lesjak,Q5052517,Catherine Lesjak,
catherine j. randall,,,
charles a. ruffel,,,
charles h. noski,,,
charles h. robbins,Q21041473,Chuck Robbins,
charles k. tarbutton,,,
charles r. schwab,Q1066027,Charles R. Schwab,
charles w. moorman iv,Q5081061,Charles Moorman,
charles w. scharf,Q18386868,Charlie Scharf,
cheryl d. mill,Q96418105,Cheryl D. Miller,
chief information officer,,,
chris goralski,,,
chris kondo,,,
christopher c. davis,Q112402438,Christopher C. Davis,
christopher c. womack,,,
christopher p. delk,,,
christopher t. calio,Q127139878,Christopher T. Calio,
christopher v. dodds,,,
ciso,Q61879804,Waltecy Rodrigues da Costa Junior,
clive r. hollick,,,
clyde c. tuggle,Q114837590,Clyde C. Tuggle,
colette m. kress,,,
covidien shareholder,,,
craig a. menear,Q28920824,Craig Menear,
craig b. thompson,Q5180710,Craig B. Thompson,
"craig h. barratt , ph.d .",,,
craig macnab,,,
craig v. richardson,,,
cynthia s. lee,,,
d. james umpleby iii,Q27735066,Jim Umpleby,
d. n. farr,Q5237880,David N. Farr,
d. s. davis,,,
d. scott davis,Q7436228,Scott Davis,
dambisa f. moyo,Q466993,"Dambisa Moyo, Baroness Moyo",
daniel c. murdock,,,
daniel j. starks,Q114840849,Daniel Starks,
daniel p. huttenlocher,Q1162007,Daniel P. Huttenlocher,
daniel p. o'day,,,
daniel riccio,Q51954348,Daniel Riccio,
dantaya m. williams,,,
dara khosrowshahi,Q5221979,Dara Khosrowshahi,
darius e. adamczyk,,,
darren w. mcdew,Q16853393,Darren W. McDew,
david a. inchausti,,,
david a. rick,Q118706826,David A. Ricks,
david glazer,Q30503673,David Glazer,
david i. goulden,,,
david l. calhoun,Q941838,Corky Calhoun,
david l. cohen,Q5236187,David L. Cohen,
david l. joyce,Q92912299,David L Joyce,
david m. chojnowski,,,
david m. denton,Q682817,David Denton,
david m. shannon,Q5239672,David Shannon,
david nigro,Q102645446,David Nigro,
david p. poroch,,,
david p. rowland,Q5239259,David Rowland,
david paddock,Q18217840,David Paddock,
david r. carlucci,Q21551587,David R. Carlucci,
david s. wichmann,,,
david simon,Q720435,David Simon,
david well,Q107897505,David Wells,
debora shoquist,,,
deborah flint,Q96213194,Deborah Flint,
deborah h. calder,,,
deborah liu,Q59291126,Deborah Liu,
debra reed-klages,Q18631482,Debra Reed,
deirdre o'brien,Q61532744,Deirdre O’Brien,
dennis a. ausiello,,,
dhiaa m. jamil,,,
diane e. wilfong,,,
don r. kania,,,
donald a. zakrowski,,,
donald j. ehrlich,,,
dorothy j. bridge,,,
douglas b. petno,,,
douglas j. hertz,,,
douglas r. oberhelman,Q188288,Douglas R. Oberhelman,
dr. severino,,,
duncan b. angove,,,
e. sharbutt,,,
edward p. decker,Q113632708,Ted Decker,
edward p. garden,Q109725703,Ed Garden,
edward r. berk,,,
eileen serra,,,
elcio barcelos,,,
elcio r.t. barcelos,,,
elizabeth f. white,,,
elizabeth l. buse,,,
elizabeth rutledge,Q122238638,Elizabeth Rutledge,
elliott l. spencer,,,
elon musk,Q317521,Elon Musk,
"enrique hernandez , jr .",Q5379724,"Enrique Hernandez, Jr.",
eric e. schmidt,Q92747,Eric Schmidt,
eric e. silagy,,,
eric schmidt,Q92747,Eric Schmidt,
eric woersching,,,
erin may,Q60176257,Erin May,
eveburton,,,
f. j. dellaquila,,,
f. william mcnabb iii,Q107972944,F. William McNabb III,
founder,,,
france d. fergusson,,,
francis s. blake,Q1437140,Frank Blake,
francisco d'souza,Q5483294,Francisco D'Souza,
frank a. calderoni,Q71433684,Frank A. Calderoni,
frank a. d'amelio,Q113509485,Frank D'Amelio,
frank c. herringer,,,
frank calderoni,Q125350485,Frank Calderoni,
frank h. brod,,,
françois locoh-donou,,,
frederick w. smith,Q324086,Frederick W. Smith,
fredrik c. widman,,,
g. mason morfit,,,
gabrielle sulzberger,Q125024606,Gabrielle Sulzberger,
gail r. wilensky,,,
"gail r. wilensky , ph.d .",,,
gary e. dickerson,Q18685726,Gary E. Dickerson,
"gary s. guthart , ph.d .",,,
gary s. shedlin,,,
george paz,Q21063724,George Paz,
geralyn s. ritter,Q115275987,Geralyn S. Ritter,
gerri k. martin-flickinger,,,
gina mastantuono,,,
glenn d. fogel,,,
glenn f. tilton,Q5569148,Glenn Tilton,
glenn m. renwick,,,
gordon a. smith,Q5584785,Gordon A. Smith,
grace d. lieblein,,,
gregory b. penner,Q20177269,Greg Penner,
gregory g. cunningham,,,
gregory j. hayes,Q28922190,Greg Hayes,
gregory p. lewis,,,
gustavo lara cantu,,,
"h. lawrence culp , jr .",Q56868014,H. Lawrence Culp Jr.,
harish manwani,Q5657894,Harish Manwani,
haviv ilan,,,
heather planishek,,,
helen h. hobbs,Q21433424,Helen Hobbs,
helene d. gayle,Q5703847,Helene D. Gayle,
helmut panke,Q75724,Helmut Panke,
herb allen,Q112402298,Herbert Ellis Allen,
herbert a. allen iii,Q16146464,Herbert Allen III,
hock e. tan,Q47672827,Tan Hock Eng,
howard a. willard iii,,,
howard schultz,Q472330,Howard Schultz,
ian c. read,Q1655624,Ian Read,
indra k. nooyi,Q264913,Indra Nooyi,
ivan s. feldman,,,
j. a. doudna,Q56068,Jennifer Doudna,
j. duato,,,
j. erik fyrwald,Q61471321,Erik Fyrwald,
j. mort o'sullivan iii,,,
j. p. froedge,,,
j. r. fletcher,,,
jackson p. tai,,,
jacqueline k. barton,Q1105367,Jaqueline Barton,
jaime ardila,Q117117843,Jaime Ardila,
jamere jackson,Q100816295,Jamere Jackson,
james b. buda,,,
james chosy,,,
"james d. taiclet , jr .",Q110610881,James D. Taiclet,
james dimon,Q922169,Jamie Dimon,
james k. lowder,,,
james l. chosy,,,
james m. may,Q90461366,James M. May,
james n. mattis,Q267902,Jim Mattis,
james quincey,Q27839505,James Quincey,
james r. quincey,,,
james s. crown,Q16185302,James Crown,
james s. tisch,Q6142713,James Tisch,
"james y. kerr , ii",,,
james y. kerr ii,,,
jami dover nachtsheim,,,
jamie e. samath,,,
jamie s. gorelick,Q376800,Jamie S. Gorelick,
jananne a. copeland,,,
jason s. armstrong,,,
jason w. aiken,,,
jean-françois van boxmeer,Q4457610,Jean-François van Boxmeer,
jeffrey a. bluestone,Q26703256,Jeffrey Bluestone,
jeffrey p. bezos,Q312556,Jeff Bezos,
jeffrey williams,Q382202,Jeffrey Williams,
jeffweiner,Q6175245,Jeff Weiner,
jen-hsun huang,Q305177,Jensen Huang,
jennie p. carlson,,,
jennifer l. hamann,,,
jennifer l. taubert,,,
jennifer piepszak,Q63198795,Jennifer Piepszak,
jeremy barnum,,,
jill campbell,Q76277338,Jill Caroline Campbell,
jim r. fletcher,,,
joan t. dea,,,
joe allanson,,,
joel unruch,,,
john,Q328804,John the Evangelist,
john b. frank,Q6219939,John B. Frank,
john c. martin,Q6224536,John C. Martin,
john c. may,Q114359175,John May,
john g. stratton,Q114840869,John Stratton,
"john h. noseworthy , m.d .",Q55975958,John H. Noseworthy,
"john k. adam , jr .",,,
john l. donnelly,,,
john l. hennessy,Q92854,John L. Hennessy,
john l. merino,,,
john m. keane,Q1566344,Jack Keane,
john m. richardson,Q2997321,John M. Richardson,
john murphy,Q627871,John Murphy,
john p. banovetz,,,
john seely brown,Q6257227,John Seely Brown,
john slattery,Q374346,John Slattery,
john t. chamber,Q1393271,John Chambers,
john t. schwieters,,,
john w. ketchum,,,
john w. stanton,Q6262563,John W. Stanton,
john w. thompson,Q3443484,John W. Thompson,
jon m. huntsman jr .,Q11607,Jon Meade Huntsman Jr.,
jonathan j. rubinstein,Q869322,Jon Rubinstein,
joseph c. beery,,,
"joseph feliciani , jr .",,,
joseph j. echevarria,Q114627943,Joe Echevarria,
joshua a. jepsen,,,
juan r. luciano,Q50825788,Juan R. Luciano,
judd a. gregg,Q553116,Judd Gregg,
judith a. mcgrath,Q6303569,Judith McGrath,
julia s. janson,,,
julian b. macqueen,,,
julie c. knecht,,,
julie sweet,Q65515703,Julie Sweet,
julius genachowski,Q6309812,Julius Genachowski,
jérôme x. pécrèsses,,,
k. button bell,,,
k. ram shriram,Q12988436,Ram Shriram,
karen walker,Q6370114,Karen Walker,
karina chavez,Q109796216,Karina Chavez,
"katherine baicker , ph.d .",,,
katherine l. adam,Q6376451,Katherine L. Adams,
kathryn e. wengel,,,
kathy loveless,,,
kcmcclure,,,
keith ferguson,Q1408782,Keith Ferguson,
keith r. leonard jr .,,,
kelcey e. hoyt,,,
kelly a. kramer,Q115629545,Kelly Kramer,
kenneth c. frazier,Q1289900,Kenneth Frazier,
kenneth i. chenault,Q516550,Kenneth Chenault,
"kessel d. stelling , jr .",,,
kevin burke,Q2061806,Kevin Burke,
kevin e. lofton,,,
kevin h. rhodes,,,
kevin r. johnson,Q6396617,Kevin Johnson,
kimberly a. kuryea,,,
kimberly h. johnson,Q125024298,Kimberly H. Johnson,
kimberly j. harris,,,
kimberly n. ellison-taylor,,,
kimberly s. greene,Q109718040,Kim Greene,
kodwo ghartey-tagoe,,,
l. john doerr,Q1380459,John Doerr,
l. karsanbhai,,,
l. kevin cox,,,
lance m. fritz,Q43131853,Lance M. Fritz,
larry,,,
"larry , sergey , eric",,,
larry page,Q4934,Larry Page,
laureen e. seeger,,,
lauren friedman,Q993097,Lauren Frost,
laurence d. fink,Q3218882,Larry Fink,
lawrence l. gellerstedt iii,,,
lawrence w. kellner,Q6490609,Larry Kellner,
leslie a. brun,,,
leslie f. seidman,Q109726715,Leslie Seidman,
lester l. lyles,Q174288,Lester Lyles,
linda hefner filler,,,
linnet f. deily,,,
lisa r. stark,,,
loretta v. cangialosi,,,
lori a. beer,,,
luca maestro,Q89588613,Luca Maestroni,
lynn j. good,Q16866325,Lynn Good,
lynne m. doughtie,Q109771521,Lynne Doughtie,
m. brett biggs,,,
m. h. train,,,
m. j. bulanda,,,
marc bolland,Q3030584,Marc Bolland,
marc d. power,,,
marc johnson,Q1375699,Marc Johnson,
marcelo claure,Q15728648,Marcelo Claure,
maria m. klawe,Q11754,Maria Klawe,
marianne c. brown,Q19865738,Marianne C. Brown,
marianne lake,Q24572563,Marianne Lake,
marillyn a. hewson,Q4953889,Marillyn Hewson,
marjorie magner,Q6766306,Marjorie Magner,
mark a. crosswhite,,,
mark garfield,,,
mark j. hawkins,,,
mark j. rubash,,,
mark l. burn,Q54361917,Mark Burns,
mark m. malcolm,Q114899342,Mark Malcolm,
mark murphy,Q933550,Mark Murphy,
mark q. holifield,,,
mark randazza,,,
mark rayha,,,
mark s. lantrip,,,
mark v. hurd,Q711976,Mark Hurd,
mark w. begor,,,
markj . flournoy,,,
"marschall s. runge , m.d. , ph.d .",,,
martina hund-mejean,Q1633724,Martina Hund-Mejean,
marvin r. ellison,Q22279080,Marvin Ellison,
mary a. francis,Q70802573,Mary Francis Baker,
mary callahan erdoes,Q513770,Mary Callahan Erdoes,
mary t. barra,Q6779013,Mary Barra,
matthew a. carey,Q3298537,Mathew Carey,
matthew e. zames,,,
matthew j. white,,,
melanie boulden,Q125338641,Melanie Boulden,
melissa k. caen,,,
mellody hobson,Q6813152,Mellody Hobson,
michael c. lenz,,,
michael d. verdeschi,,,
michael e. sneed,,,
michael f. roman,Q94016219,Mike Roman,
michael h. ullmann,,,
michael j. cavanagh,Q114837356,Michael Cavanagh,
michael j. holston,,,
michael k. wirth,Q48562446,Mike Wirth,
michael l. eskew,Q6832018,Michael Eskew,
michael t. rehwinkel,,,
michele j. hooper,Q107972872,Michele J. Hooper,
michelle a. kumbier,Q114840517,Michelle Kumbier,
michellem . clatterbuck,,,
mitchell p. rale,Q6881360,Mitchell Rales,
monica p. reed,,,
mortimer j. buckley iii,,,
mr. alban,,,
mr. bettinger,,,
mr. clark,Q6238494,John Heaviside Clark,
mr. dimon,,,
mr. garfield,,,
mr. hock e. tan,,,
mr. iger,,,
mr. richardson,Q1703287,Jonathan Richardson,
mr. teel,,,
ms. chandoha,,,
ms. kallsen,,,
muhtar kent,Q1392181,Muhtar Kent,
murry s. gerber,Q114345315,Murry S. Gerber,
nancy mckinstry,Q520123,Nancy McKinstry,
"neil g. mitchill , jr .",,,
nicholas d. chabraja,,,
"o. b. grayson hall , jr .",Q52008273,O. B. Grayson Hall Jr.,
olivia f. kirtley,,,
oscar c. harper iv,,,
pamela d. a. reeve,Q115735863,Pamela D.A. Reeve,
pamela j. craig,Q114705680,Pamela Craig,
paola gonzalez,Q98075415,Paola Gonzalez,
patricia f. russo,Q533750,Patricia Russo,
patricia q. stonesifer,Q7148734,Patty Stonesifer,
patrick pichette,Q3369779,Patrick Pichette,
paul,Q9200,Paul the Apostle,
paul b. rothman,Q20011456,Paul B. Rothman,
paul r. garcia,Q109498174,Paul Garcia,
paula a. sneed,Q116448149,Paula A. Sneed,
paula rosput reynolds,Q109726412,Paula Rosput Reynolds,
"paulus stoffels , m.d .",,,
per wold-olsen,Q112191012,Per Wold-Olsen,
peter c. wendell,Q114706158,Peter C. Wendell,
peter d. gibbon,,,
peter e. raskind,,,
peter j. arduini,Q114819563,Peter Arduini,
peter j. millones,,,
peter scher,Q2078070,Peter Scher,
peter thiel,Q705525,Peter Thiel,
peter thomas killalea,Q125516191,Peter Thomas Killalea,
phebe n. novakovic,Q4970379,Phebe Novakovic,
philip c. raymond,,,
philip knight,Q557305,Phil Knight,
philip p. boudreau,,,
philip schiller,Q659176,Phil Schiller,
phillip m. webb,,,
pierre e. leroy,Q113778854,Pierre-Eugène Leroy,
pierre r. breber,,,
prashanth mahendra-rajah,,,
public investor,,,
public shareholder,,,
r. alexander glenn,,,
r. j. decker jr .,,,
"r. mitchell shackleford , iii",,,
r. neil williams,,,
r. scott blackley,,,
r. scott herr,,,
rafael r. lizardi,,,
rahul ghai,,,
rajesh kalathur,,,
ralph alvarez,Q7287163,Ralph Alvarez,
ram,,,
"ramsaran maharajh , jr .",,,
randall stephenson,Q979750,Randall L. Stephenson,
raul marcelo claure,Q15728648,Marcelo Claure,
raul vazquez,Q18129027,Raúl Marcelo Vázquez,
ravi radhakrishnan,Q88769760,Ravi Radhakrishnan,
raymond p. dolan,,,
raymond t. odierno,Q719941,Raymond T. Odierno,
rebecca j. kujawa,,,
reed hastings,Q7306657,Reed Hastings,
richard a. wurster,Q72855292,Richard Wurster,
richard d. fairbank,Q7325595,Richard Fairbank,
richard dalzell,Q75244199,Richard Dalzell,
richard haythornthwaite,Q21228979,Richard Haythornthwaite,
richard j. whitley,Q94151581,Richard J. Whitley,
richard k. davis,Q7326966,Richard K. Davis,
richard p. clark,Q112559765,Richard Clark,
richard s. sokolov,,,
richard t. burke,Q107934870,Richard T. Burke,
richard v. mcphail,,,
risa lavizzo-mourey,Q7335804,Risa Lavizzo-Mourey,
rita a. karachun,,,
robert a. bradway,Q17180532,Robert A. Bradway,
robert b. ford,Q95569597,Robert B. Ford,
robert d. power,Q111176032,Robert D. Power,
"robert e. funck , jr .",,,
robert e. smith,Q7343887,Robert E. Smith,
"robert j. alpern , m.d .",Q114664009,Robert Alpern,
"robert j. meyer , jr .",,,
robert m. davis,Q114706038,Rob Davis,
robert m. gate,Q212979,Robert Gates,
robert s. kapito,Q7349476,Rob Kapito,
robin l. washington,Q81810283,Robin Washington,
robin leopold,Q3271880,Léopold Robin,
rochelle b. lazarus,,,
"roger w. ferguson , jr .",Q7359066,"Roger W. Ferguson, Jr.",
roland a. hernandez,Q56920409,Roland A Hernandez,
ronald a. williams,Q7364540,Ron Williams,
ronald d. sugar,Q7365310,Ronald Sugar,
ronald m. dyke,,,
rosalind g. brewer,Q7367220,Rosalind Brewer,
roxanne s. austin,Q109620300,Roxanne Austin,
rudy f. deleon,Q7377714,Rudy de Leon,
russell stokes,Q7381796,Russell Stokes,
ruth m. porat,Q14946714,Ruth Porat,
ruth porat,Q14946714,Ruth Porat,
ryan d. campbell,Q14475398,Ryan Campbell,
ryan m. lance,Q7384237,Ryan Lance,
s. j. pelch,,,
"s. w. connally , jr .",,,
safra a. catz,Q450628,Safra Catz,
"sally e. blount , ph.d .",,,
samuel r. allen,Q28873264,Samuel R. Allen,
samuel thompson,Q7412778,Samuel Thompson,
sandra j. horn,,,
sasan k. goodarzi,,,
satya nadella,Q7426870,Satya Nadella,
scott d. cook,Q7436159,Scott Cook,
scott l. strazik,,,
scott maw,,,
"selwyn m. vickers , md",,,
sergey,,,
sergey brin,Q92764,Sergey Brin,
shantanu narayen,Q2622748,Shantanu Narayen,
shantella e. cooper,,,
shelley l. reynolds,,,
shelley reynolds,,,
silvio barzi,Q21552662,Silvio Barzi,
souheil badran,Q113508519,Souheil Badran,
spencer neumann,Q125350879,Spencer Neumann,
stacey friedman,,,
stan w. connally,,,
stayce d. harris,Q30015214,Stayce Harris,
stephen b. burke,Q3498872,Steve Burke,
stephen cohen,Q1890361,Stephen F. Cohen,
stephen f. angel,Q21552667,Stephen Angel,
stephen j. hemsley,Q2344783,Stephen J. Hemsley,
steven j. freiberg,,,
steven k. young,,,
steven m. mollenkopf,Q18634617,Steve Mollenkopf,
steven m. rale,Q7615005,Steven Rales,
steven p. whaley,,,
sundar,,,
sundar pichai,Q3503829,Sundar Pichai,
suzannenorajohnson,,,
sébastien m. bazin,Q3509946,Sébastien Bazin,
t. preston gillespie jr .,,,
ted sarandos,Q19661212,Ted Sarandos,
teresa wynn roseborough,Q7702240,Teresa Wynn Roseborough,
teri l. list-stoll,Q80050392,Teri List,
teri list-stoll,Q80050392,Teri List,
terrance r. dolan,,,
thibaut mongon,,,
thomas a. bartlett,Q7786847,Thomas A. Bartlett,
thomas e. roos,,,
thomas f. larkins,,,
thomas h. glaser,,,
thomas h. o'brien,Q7817076,Tom O'Brien,
thomas m. holder,Q112369876,Thomas M. Holder,
thomas o. ryder,Q20685374,Thomas O. Ryder,
"thomas p. joyce , jr .",Q115671454,"Thomas P. Joyce, Jr.",
thomas r. cech,Q135180,Thomas Cech,
thomas s. timko,,,
thomas szkutak,,,
thomas w. horton,Q7794754,Thomas Horton,
timothy d. cook,Q265852,Tim Cook,
timothy m. crow,Q21388653,Timothy M. Crowe,
timothy p. golden,,,
todd e. davy,,,
todd m. ricketts,Q20685306,Todd Ricketts,
todd m. rynaski,,,
tom a. alberg,Q18631815,Tom Alberg,
tony l. white,Q107994334,Tony L. White,
tony west,Q16196331,Tony West,
torie clarke,Q15504611,Victoria Clarke,
"valerie c. montgomery rice , m.d .",,,
vocalink shareholder,,,
w. craig jelinek,Q1650162,W. Craig Jelinek,
w. don cornwell,Q7945457,W. Don Cornwell,
w. e. smith,Q551491,W. Eugene Smith,
"walter g. lohr , jr .",,,
walter w. bettinger ii,,,
wanda m. austin,Q7967100,Wanda Austin,
warner l. baxter,,,
wendell e. smith,,,
wendell p. week,Q36697638,Wendell Weeks,
wendy bauer,Q88012538,Wendy Bauer,
william a. moss,Q92541820,William J. Moss,
william a. osborn,Q8004020,William Osborn,
william b. gordon,Q109795864,William B. Gordon,
"william b. harrison , jr .",Q8004799,"William B. Harrison, Jr.",
"william c. ballard , jr .",,,
"william c. cramer , jr .",,,
"william f. gifford , jr .",Q125693897,"William F. Gifford, Jr.",
"william g. kaelin , jr. , m.d .",,,
william h. gate iii,Q5284,Bill Gates,
"william l. bullock , jr .",,,
william m. brown,Q8014847,William M. Brown,
william p. frick,,,
william r. mcdermott,Q862300,Bill McDermott,
william s. ayer,,,
william w. bradley,Q1357158,Will H. Bradley,
winston e. scott,Q573719,Winston E. Scott,
x. liu,Q59255882,Xiaohong Liu,
xia liu,Q1048838,Liu Xia,
zoe dickson,,,
